campaign_id,tactic,spend_amount,spend_percentage,tactic_category,channel_type,created_timestamp,data_source
CAMP_0001,video,28765.41,42.7,Video,Digital,2025-08-27 14:22:55.208042,media_planning
CAMP_0001,display,22225.25,33.0,Display,Digital,2025-08-27 14:22:55.208064,media_planning
CAMP_0001,search,4343.21,6.4,Search,Digital,2025-08-27 14:22:55.208079,media_planning
CAMP_0001,social,687.81,1.0,Social,Digital,2025-08-27 14:22:55.208095,media_planning
CAMP_0001,podcast,11330.79,16.8,Audio,Digital,2025-08-27 14:22:55.208110,media_planning
CAMP_0002,video,36212.6,37.9,Video,Digital,2025-08-27 14:22:55.208289,media_planning
CAMP_0002,audio,5874.2,6.1,Audio,Traditional,2025-08-27 14:22:55.208469,media_planning
CAMP_0002,display,16438.49,17.2,Display,Digital,2025-08-27 14:22:55.208497,media_planning
CAMP_0002,search,19994.5,20.9,Search,Digital,2025-08-27 14:22:55.208512,media_planning
CAMP_0002,email,17065.21,17.9,Direct,Digital,2025-08-27 14:22:55.208527,media_planning
CAMP_0003,video,4000.62,4.7,Video,Digital,2025-08-27 14:22:55.208766,media_planning
CAMP_0003,audio,541.55,0.6,Audio,Traditional,2025-08-27 14:22:55.208785,media_planning
CAMP_0003,display,27851.54,32.8,Display,Digital,2025-08-27 14:22:55.208802,media_planning
CAMP_0003,search,35005.1,41.2,Search,Digital,2025-08-27 14:22:55.208817,media_planning
CAMP_0003,social,17468.89,20.6,Social,Digital,2025-08-27 14:22:55.208832,media_planning
CAMP_0004,video,39728.32,50.7,Video,Digital,2025-08-27 14:22:55.209008,media_planning
CAMP_0004,audio,4571.99,5.8,Audio,Traditional,2025-08-27 14:22:55.209025,media_planning
CAMP_0004,display,16783.87,21.4,Display,Digital,2025-08-27 14:22:55.209040,media_planning
CAMP_0004,search,14785.03,18.9,Search,Digital,2025-08-27 14:22:55.209056,media_planning
CAMP_0004,influencer,2465.06,3.1,Social,Traditional,2025-08-27 14:22:55.209072,media_planning
CAMP_0005,video,14615.78,36.1,Video,Digital,2025-08-27 14:22:55.209220,media_planning
CAMP_0005,audio,9144.17,22.6,Audio,Traditional,2025-08-27 14:22:55.209236,media_planning
CAMP_0005,display,4478.63,11.1,Display,Digital,2025-08-27 14:22:55.209252,media_planning
CAMP_0005,search,12222.07,30.2,Search,Digital,2025-08-27 14:22:55.209267,media_planning
CAMP_0006,video,8245.39,20.4,Video,Digital,2025-08-27 14:22:55.209609,media_planning
CAMP_0006,audio,4946.79,12.2,Audio,Traditional,2025-08-27 14:22:55.209629,media_planning
CAMP_0006,display,15665.78,38.7,Display,Digital,2025-08-27 14:22:55.209646,media_planning
CAMP_0006,search,7821.13,19.3,Search,Digital,2025-08-27 14:22:55.209663,media_planning
CAMP_0006,social,3780.72,9.3,Social,Digital,2025-08-27 14:22:55.209679,media_planning
CAMP_0007,video,13517.74,36.5,Video,Digital,2025-08-27 14:22:55.209850,media_planning
CAMP_0007,audio,3815.88,10.3,Audio,Traditional,2025-08-27 14:22:55.209867,media_planning
CAMP_0007,display,18165.39,49.1,Display,Digital,2025-08-27 14:22:55.209882,media_planning
CAMP_0007,search,1533.92,4.1,Search,Digital,2025-08-27 14:22:55.209897,media_planning
CAMP_0008,video,24373.63,37.3,Video,Digital,2025-08-27 14:22:55.210068,media_planning
CAMP_0008,audio,4453.44,6.8,Audio,Traditional,2025-08-27 14:22:55.210084,media_planning
CAMP_0008,display,22664.79,34.7,Display,Digital,2025-08-27 14:22:55.210100,media_planning
CAMP_0008,search,10225.34,15.7,Search,Digital,2025-08-27 14:22:55.210115,media_planning
CAMP_0008,podcast,3598.97,5.5,Audio,Digital,2025-08-27 14:22:55.210130,media_planning
CAMP_0009,video,29083.36,51.9,Video,Digital,2025-08-27 14:22:55.210275,media_planning
CAMP_0009,audio,2222.46,4.0,Audio,Traditional,2025-08-27 14:22:55.210291,media_planning
CAMP_0009,display,7683.93,13.7,Display,Digital,2025-08-27 14:22:55.210306,media_planning
CAMP_0009,search,7262.79,13.0,Search,Digital,2025-08-27 14:22:55.210322,media_planning
CAMP_0009,influencer,9786.49,17.5,Social,Traditional,2025-08-27 14:22:55.210337,media_planning
CAMP_0010,video,17629.59,29.5,Video,Digital,2025-08-27 14:22:55.210638,media_planning
CAMP_0010,audio,1819.86,3.0,Audio,Traditional,2025-08-27 14:22:55.210657,media_planning
CAMP_0010,search,40333.09,67.5,Search,Digital,2025-08-27 14:22:55.210674,media_planning
CAMP_0011,video,5848.35,16.4,Video,Digital,2025-08-27 14:22:55.210887,media_planning
CAMP_0011,audio,3576.16,10.0,Audio,Traditional,2025-08-27 14:22:55.210905,media_planning
CAMP_0011,display,4848.07,13.6,Display,Digital,2025-08-27 14:22:55.210922,media_planning
CAMP_0011,search,10311.13,28.9,Search,Digital,2025-08-27 14:22:55.210939,media_planning
CAMP_0011,social,3820.73,10.7,Social,Digital,2025-08-27 14:22:55.210956,media_planning
CAMP_0011,email,7316.01,20.5,Direct,Digital,2025-08-27 14:22:55.210973,media_planning
CAMP_0012,video,31546.0,45.8,Video,Digital,2025-08-27 14:22:55.211475,media_planning
CAMP_0012,audio,559.8,0.8,Audio,Traditional,2025-08-27 14:22:55.211496,media_planning
CAMP_0012,display,12175.39,17.7,Display,Digital,2025-08-27 14:22:55.211513,media_planning
CAMP_0012,search,16164.82,23.4,Search,Digital,2025-08-27 14:22:55.211543,media_planning
CAMP_0012,social,8500.82,12.3,Social,Digital,2025-08-27 14:22:55.211561,media_planning
CAMP_0013,display,39433.81,61.5,Display,Digital,2025-08-27 14:22:55.211890,media_planning
CAMP_0013,search,24698.47,38.5,Search,Digital,2025-08-27 14:22:55.211908,media_planning
CAMP_0013,direct_mail,3.21,0.0,Direct,Traditional,2025-08-27 14:22:55.211926,media_planning
CAMP_0014,video,19049.41,44.9,Video,Digital,2025-08-27 14:22:55.212085,media_planning
CAMP_0014,audio,1168.53,2.8,Audio,Traditional,2025-08-27 14:22:55.212102,media_planning
CAMP_0014,display,4929.83,11.6,Display,Digital,2025-08-27 14:22:55.212118,media_planning
CAMP_0014,search,17284.1,40.7,Search,Digital,2025-08-27 14:22:55.212134,media_planning
CAMP_0015,video,4278.72,10.3,Video,Digital,2025-08-27 14:22:55.212268,media_planning
CAMP_0015,audio,1279.63,3.1,Audio,Traditional,2025-08-27 14:22:55.212286,media_planning
CAMP_0015,display,20766.3,50.2,Display,Digital,2025-08-27 14:22:55.212303,media_planning
CAMP_0015,search,15039.21,36.4,Search,Digital,2025-08-27 14:22:55.212320,media_planning
CAMP_0016,video,13318.43,32.2,Video,Digital,2025-08-27 14:22:55.212472,media_planning
CAMP_0016,audio,14636.6,35.3,Audio,Traditional,2025-08-27 14:22:55.212489,media_planning
CAMP_0016,display,6005.6,14.5,Display,Digital,2025-08-27 14:22:55.212506,media_planning
CAMP_0016,search,7458.53,18.0,Search,Digital,2025-08-27 14:22:55.212599,media_planning
CAMP_0017,video,2504.56,5.5,Video,Digital,2025-08-27 14:22:55.212800,media_planning
CAMP_0017,display,5799.76,12.7,Display,Digital,2025-08-27 14:22:55.212817,media_planning
CAMP_0017,search,20555.76,45.0,Search,Digital,2025-08-27 14:22:55.212835,media_planning
CAMP_0017,social,16788.4,36.8,Social,Digital,2025-08-27 14:22:55.212851,media_planning
CAMP_0018,video,13251.05,24.8,Video,Digital,2025-08-27 14:22:55.213041,media_planning
CAMP_0018,audio,5056.83,9.5,Audio,Traditional,2025-08-27 14:22:55.213060,media_planning
CAMP_0018,display,34635.77,64.9,Display,Digital,2025-08-27 14:22:55.213077,media_planning
CAMP_0018,podcast,422.83,0.8,Audio,Digital,2025-08-27 14:22:55.213094,media_planning
CAMP_0019,video,8955.9,17.9,Video,Digital,2025-08-27 14:22:55.213225,media_planning
CAMP_0019,audio,1309.12,2.6,Audio,Traditional,2025-08-27 14:22:55.213242,media_planning
CAMP_0019,display,29677.65,59.2,Display,Digital,2025-08-27 14:22:55.213259,media_planning
CAMP_0019,search,10175.41,20.3,Search,Digital,2025-08-27 14:22:55.213287,media_planning
CAMP_0020,video,21263.79,47.1,Video,Digital,2025-08-27 14:22:55.213419,media_planning
CAMP_0020,audio,968.11,2.1,Audio,Traditional,2025-08-27 14:22:55.213436,media_planning
CAMP_0020,display,19690.18,43.6,Display,Digital,2025-08-27 14:22:55.213453,media_planning
CAMP_0020,social,3270.93,7.2,Social,Digital,2025-08-27 14:22:55.213470,media_planning
CAMP_0021,video,20613.42,36.5,Video,Digital,2025-08-27 14:22:55.213615,media_planning
CAMP_0021,audio,12335.61,21.9,Audio,Traditional,2025-08-27 14:22:55.213632,media_planning
CAMP_0021,display,14925.75,26.5,Display,Digital,2025-08-27 14:22:55.213649,media_planning
CAMP_0021,search,8540.07,15.1,Search,Digital,2025-08-27 14:22:55.213666,media_planning
CAMP_0022,video,10080.85,25.3,Video,Digital,2025-08-27 14:22:55.213968,media_planning
CAMP_0022,audio,5140.42,12.9,Audio,Traditional,2025-08-27 14:22:55.213988,media_planning
CAMP_0022,display,24661.02,61.8,Display,Digital,2025-08-27 14:22:55.214005,media_planning
CAMP_0023,video,15480.66,26.3,Video,Digital,2025-08-27 14:22:55.214148,media_planning
CAMP_0023,audio,8957.43,15.2,Audio,Traditional,2025-08-27 14:22:55.214165,media_planning
CAMP_0023,display,10764.56,18.3,Display,Digital,2025-08-27 14:22:55.214181,media_planning
CAMP_0023,search,3067.66,5.2,Search,Digital,2025-08-27 14:22:55.214197,media_planning
CAMP_0023,social,20522.27,34.9,Social,Digital,2025-08-27 14:22:55.214213,media_planning
CAMP_0024,video,10151.75,16.3,Video,Digital,2025-08-27 14:22:55.214342,media_planning
CAMP_0024,audio,6096.36,9.8,Audio,Traditional,2025-08-27 14:22:55.214359,media_planning
CAMP_0024,display,1719.56,2.8,Display,Digital,2025-08-27 14:22:55.214376,media_planning
CAMP_0024,search,44201.79,71.1,Search,Digital,2025-08-27 14:22:55.214392,media_planning
CAMP_0025,video,4492.53,6.8,Video,Digital,2025-08-27 14:22:55.214515,media_planning
CAMP_0025,audio,32441.04,49.0,Audio,Traditional,2025-08-27 14:22:55.214532,media_planning
CAMP_0025,display,29317.61,44.3,Display,Digital,2025-08-27 14:22:55.214548,media_planning
CAMP_0026,audio,2404.35,3.0,Audio,Traditional,2025-08-27 14:22:55.214794,media_planning
CAMP_0026,display,13562.21,16.7,Display,Digital,2025-08-27 14:22:55.214810,media_planning
CAMP_0026,search,65258.95,80.3,Search,Digital,2025-08-27 14:22:55.214826,media_planning
CAMP_0027,video,4926.9,9.0,Video,Digital,2025-08-27 14:22:55.215118,media_planning
CAMP_0027,audio,8260.59,15.1,Audio,Traditional,2025-08-27 14:22:55.215135,media_planning
CAMP_0027,search,41397.67,75.8,Search,Digital,2025-08-27 14:22:55.215151,media_planning
CAMP_0028,video,22393.57,32.5,Video,Digital,2025-08-27 14:22:55.215305,media_planning
CAMP_0028,audio,3763.52,5.5,Audio,Traditional,2025-08-27 14:22:55.215320,media_planning
CAMP_0028,display,17156.96,24.9,Display,Digital,2025-08-27 14:22:55.215336,media_planning
CAMP_0028,search,9224.44,13.4,Search,Digital,2025-08-27 14:22:55.215351,media_planning
CAMP_0028,social,7632.29,11.1,Social,Digital,2025-08-27 14:22:55.215367,media_planning
CAMP_0028,connected_tv,424.35,0.6,Video,Digital,2025-08-27 14:22:55.215382,media_planning
CAMP_0028,influencer,8179.83,11.9,Social,Traditional,2025-08-27 14:22:55.215398,media_planning
CAMP_0028,email,122.7,0.2,Direct,Digital,2025-08-27 14:22:55.215414,media_planning
CAMP_0029,video,6518.92,9.0,Video,Digital,2025-08-27 14:22:55.215567,media_planning
CAMP_0029,audio,14719.73,20.3,Audio,Traditional,2025-08-27 14:22:55.215585,media_planning
CAMP_0029,display,21558.98,29.8,Display,Digital,2025-08-27 14:22:55.215601,media_planning
CAMP_0029,search,15588.77,21.5,Search,Digital,2025-08-27 14:22:55.215618,media_planning
CAMP_0029,influencer,14068.46,19.4,Social,Traditional,2025-08-27 14:22:55.215637,media_planning
CAMP_0030,video,14007.61,29.4,Video,Digital,2025-08-27 14:22:55.215799,media_planning
CAMP_0030,audio,9222.05,19.4,Audio,Traditional,2025-08-27 14:22:55.215818,media_planning
CAMP_0030,display,2923.66,6.1,Display,Digital,2025-08-27 14:22:55.215834,media_planning
CAMP_0030,search,21460.17,45.1,Search,Digital,2025-08-27 14:22:55.215876,media_planning
CAMP_0031,video,16337.89,22.3,Video,Digital,2025-08-27 14:22:55.216101,media_planning
CAMP_0031,audio,1441.73,2.0,Audio,Traditional,2025-08-27 14:22:55.216119,media_planning
CAMP_0031,display,25149.55,34.4,Display,Digital,2025-08-27 14:22:55.216134,media_planning
CAMP_0031,search,30214.11,41.3,Search,Digital,2025-08-27 14:22:55.216149,media_planning
CAMP_0032,video,5992.15,11.3,Video,Digital,2025-08-27 14:22:55.216300,media_planning
CAMP_0032,audio,10268.58,19.3,Audio,Traditional,2025-08-27 14:22:55.216317,media_planning
CAMP_0032,display,16382.26,30.8,Display,Digital,2025-08-27 14:22:55.216334,media_planning
CAMP_0032,search,20615.86,38.7,Search,Digital,2025-08-27 14:22:55.216350,media_planning
CAMP_0033,video,16466.96,34.0,Video,Digital,2025-08-27 14:22:55.216496,media_planning
CAMP_0033,audio,3399.66,7.0,Audio,Traditional,2025-08-27 14:22:55.216513,media_planning
CAMP_0033,display,16059.43,33.1,Display,Digital,2025-08-27 14:22:55.216530,media_planning
CAMP_0033,search,1020.4,2.1,Search,Digital,2025-08-27 14:22:55.216547,media_planning
CAMP_0033,social,5392.73,11.1,Social,Digital,2025-08-27 14:22:55.216564,media_planning
CAMP_0033,connected_tv,6120.67,12.6,Video,Digital,2025-08-27 14:22:55.216581,media_planning
CAMP_0034,video,13342.86,15.0,Video,Digital,2025-08-27 14:22:55.216720,media_planning
CAMP_0034,audio,3303.34,3.7,Audio,Traditional,2025-08-27 14:22:55.216738,media_planning
CAMP_0034,display,50172.76,56.6,Display,Digital,2025-08-27 14:22:55.216754,media_planning
CAMP_0034,search,21855.33,24.6,Search,Digital,2025-08-27 14:22:55.216771,media_planning
CAMP_0035,video,1794.86,2.0,Video,Digital,2025-08-27 14:22:55.216908,media_planning
CAMP_0035,audio,26283.17,29.4,Audio,Traditional,2025-08-27 14:22:55.216928,media_planning
CAMP_0035,display,28479.24,31.8,Display,Digital,2025-08-27 14:22:55.217144,media_planning
CAMP_0035,search,32713.51,36.6,Search,Digital,2025-08-27 14:22:55.217169,media_planning
CAMP_0035,podcast,165.47,0.2,Audio,Digital,2025-08-27 14:22:55.217186,media_planning
CAMP_0036,video,6241.64,7.0,Video,Digital,2025-08-27 14:22:55.217370,media_planning
CAMP_0036,display,22775.44,25.7,Display,Digital,2025-08-27 14:22:55.217387,media_planning
CAMP_0036,search,59594.39,67.3,Search,Digital,2025-08-27 14:22:55.217402,media_planning
CAMP_0037,video,4367.9,6.8,Video,Digital,2025-08-27 14:22:55.217547,media_planning
CAMP_0037,audio,7600.07,11.9,Audio,Traditional,2025-08-27 14:22:55.217562,media_planning
CAMP_0037,display,17273.23,27.0,Display,Digital,2025-08-27 14:22:55.217577,media_planning
CAMP_0037,search,9258.11,14.5,Search,Digital,2025-08-27 14:22:55.217592,media_planning
CAMP_0037,social,25426.76,39.8,Social,Digital,2025-08-27 14:22:55.217607,media_planning
CAMP_0038,video,13280.58,24.7,Video,Digital,2025-08-27 14:22:55.217755,media_planning
CAMP_0038,audio,8337.52,15.5,Audio,Traditional,2025-08-27 14:22:55.217773,media_planning
CAMP_0038,display,28894.25,53.7,Display,Digital,2025-08-27 14:22:55.217789,media_planning
CAMP_0038,search,3273.59,6.1,Search,Digital,2025-08-27 14:22:55.217806,media_planning
CAMP_0039,video,12834.09,15.6,Video,Digital,2025-08-27 14:22:55.217952,media_planning
CAMP_0039,audio,35557.14,43.1,Audio,Traditional,2025-08-27 14:22:55.217968,media_planning
CAMP_0039,display,31406.34,38.1,Display,Digital,2025-08-27 14:22:55.218005,media_planning
CAMP_0039,search,2729.85,3.3,Search,Digital,2025-08-27 14:22:55.218022,media_planning
CAMP_0040,video,3074.72,6.1,Video,Digital,2025-08-27 14:22:55.218265,media_planning
CAMP_0040,audio,2696.17,5.3,Audio,Traditional,2025-08-27 14:22:55.218281,media_planning
CAMP_0040,display,15491.18,30.7,Display,Digital,2025-08-27 14:22:55.218297,media_planning
CAMP_0040,search,29143.27,57.8,Search,Digital,2025-08-27 14:22:55.218311,media_planning
CAMP_0041,video,10041.01,25.6,Video,Digital,2025-08-27 14:22:55.218481,media_planning
CAMP_0041,audio,10555.56,26.9,Audio,Traditional,2025-08-27 14:22:55.218497,media_planning
CAMP_0041,display,3415.13,8.7,Display,Digital,2025-08-27 14:22:55.218512,media_planning
CAMP_0041,search,436.73,1.1,Search,Digital,2025-08-27 14:22:55.218526,media_planning
CAMP_0041,influencer,14822.9,37.7,Social,Traditional,2025-08-27 14:22:55.218541,media_planning
CAMP_0042,video,2448.79,4.7,Video,Digital,2025-08-27 14:22:55.218704,media_planning
CAMP_0042,display,21367.98,40.8,Display,Digital,2025-08-27 14:22:55.218719,media_planning
CAMP_0042,search,12609.54,24.1,Search,Digital,2025-08-27 14:22:55.218734,media_planning
CAMP_0042,social,15904.88,30.4,Social,Digital,2025-08-27 14:22:55.218749,media_planning
CAMP_0043,video,28223.23,78.0,Video,Digital,2025-08-27 14:22:55.218871,media_planning
CAMP_0043,display,2945.21,8.1,Display,Digital,2025-08-27 14:22:55.218886,media_planning
CAMP_0043,search,1250.16,3.5,Search,Digital,2025-08-27 14:22:55.218900,media_planning
CAMP_0043,podcast,3784.99,10.5,Audio,Digital,2025-08-27 14:22:55.218914,media_planning
CAMP_0044,audio,13590.39,11.3,Audio,Traditional,2025-08-27 14:22:55.219035,media_planning
CAMP_0044,display,80717.79,67.1,Display,Digital,2025-08-27 14:22:55.219279,media_planning
CAMP_0044,search,25979.01,21.6,Search,Digital,2025-08-27 14:22:55.219296,media_planning
CAMP_0045,video,17357.78,21.9,Video,Digital,2025-08-27 14:22:55.219454,media_planning
CAMP_0045,audio,7286.68,9.2,Audio,Traditional,2025-08-27 14:22:55.219471,media_planning
CAMP_0045,display,37124.11,46.8,Display,Digital,2025-08-27 14:22:55.219486,media_planning
CAMP_0045,search,17534.57,22.1,Search,Digital,2025-08-27 14:22:55.219501,media_planning
CAMP_0046,video,40694.17,38.9,Video,Digital,2025-08-27 14:22:55.219648,media_planning
CAMP_0046,audio,11996.41,11.5,Audio,Traditional,2025-08-27 14:22:55.219665,media_planning
CAMP_0046,display,32089.93,30.6,Display,Digital,2025-08-27 14:22:55.219682,media_planning
CAMP_0046,search,19958.39,19.1,Search,Digital,2025-08-27 14:22:55.219698,media_planning
CAMP_0047,video,13002.33,15.7,Video,Digital,2025-08-27 14:22:55.219824,media_planning
CAMP_0047,audio,1901.03,2.3,Audio,Traditional,2025-08-27 14:22:55.219841,media_planning
CAMP_0047,display,22102.59,26.7,Display,Digital,2025-08-27 14:22:55.219857,media_planning
CAMP_0047,search,45631.85,55.2,Search,Digital,2025-08-27 14:22:55.219873,media_planning
CAMP_0048,video,15101.87,15.8,Video,Digital,2025-08-27 14:22:55.219996,media_planning
CAMP_0048,audio,27187.28,28.4,Audio,Traditional,2025-08-27 14:22:55.220013,media_planning
CAMP_0048,search,47104.26,49.2,Search,Digital,2025-08-27 14:22:55.220030,media_planning
CAMP_0048,social,6370.89,6.7,Social,Digital,2025-08-27 14:22:55.220046,media_planning
CAMP_0049,audio,82259.82,84.4,Audio,Traditional,2025-08-27 14:22:55.220166,media_planning
CAMP_0049,display,6720.33,6.9,Display,Digital,2025-08-27 14:22:55.220182,media_planning
CAMP_0049,search,4406.44,4.5,Search,Digital,2025-08-27 14:22:55.220222,media_planning
CAMP_0049,influencer,4056.16,4.2,Social,Traditional,2025-08-27 14:22:55.220239,media_planning
CAMP_0050,video,13419.05,18.0,Video,Digital,2025-08-27 14:22:55.220511,media_planning
CAMP_0050,audio,21863.21,29.3,Audio,Traditional,2025-08-27 14:22:55.220529,media_planning
CAMP_0050,display,22204.13,29.7,Display,Digital,2025-08-27 14:22:55.220545,media_planning
CAMP_0050,search,17159.44,23.0,Search,Digital,2025-08-27 14:22:55.220561,media_planning
CAMP_0051,video,9635.64,7.8,Video,Digital,2025-08-27 14:22:55.220696,media_planning
CAMP_0051,audio,17395.32,14.0,Audio,Traditional,2025-08-27 14:22:55.220713,media_planning
CAMP_0051,display,30645.72,24.7,Display,Digital,2025-08-27 14:22:55.220729,media_planning
CAMP_0051,search,1095.92,0.9,Search,Digital,2025-08-27 14:22:55.220746,media_planning
CAMP_0051,social,65311.23,52.6,Social,Digital,2025-08-27 14:22:55.220762,media_planning
CAMP_0052,video,20824.38,18.6,Video,Digital,2025-08-27 14:22:55.220888,media_planning
CAMP_0052,display,53612.94,47.9,Display,Digital,2025-08-27 14:22:55.220906,media_planning
CAMP_0052,search,37396.04,33.4,Search,Digital,2025-08-27 14:22:55.220922,media_planning
CAMP_0053,video,17571.09,18.5,Video,Digital,2025-08-27 14:22:55.221043,media_planning
CAMP_0053,audio,3916.22,4.1,Audio,Traditional,2025-08-27 14:22:55.221061,media_planning
CAMP_0053,display,25793.98,27.1,Display,Digital,2025-08-27 14:22:55.221077,media_planning
CAMP_0053,search,26432.41,27.8,Search,Digital,2025-08-27 14:22:55.221093,media_planning
CAMP_0053,social,21321.75,22.4,Social,Digital,2025-08-27 14:22:55.221166,media_planning
CAMP_0054,video,48988.84,52.8,Video,Digital,2025-08-27 14:22:55.221472,media_planning
CAMP_0054,audio,16730.86,18.0,Audio,Traditional,2025-08-27 14:22:55.221490,media_planning
CAMP_0054,display,10544.15,11.4,Display,Digital,2025-08-27 14:22:55.221507,media_planning
CAMP_0054,search,16582.69,17.9,Search,Digital,2025-08-27 14:22:55.221523,media_planning
CAMP_0055,video,51860.16,66.2,Video,Digital,2025-08-27 14:22:55.221707,media_planning
CAMP_0055,audio,11619.76,14.8,Audio,Traditional,2025-08-27 14:22:55.221724,media_planning
CAMP_0055,search,2252.34,2.9,Search,Digital,2025-08-27 14:22:55.221739,media_planning
CAMP_0055,social,7443.68,9.5,Social,Digital,2025-08-27 14:22:55.221755,media_planning
CAMP_0055,influencer,4558.53,5.8,Social,Traditional,2025-08-27 14:22:55.221770,media_planning
CAMP_0055,email,562.64,0.7,Direct,Digital,2025-08-27 14:22:55.221784,media_planning
CAMP_0056,video,14192.48,15.1,Video,Digital,2025-08-27 14:22:55.221918,media_planning
CAMP_0056,audio,20158.24,21.4,Audio,Traditional,2025-08-27 14:22:55.221933,media_planning
CAMP_0056,display,6444.52,6.8,Display,Digital,2025-08-27 14:22:55.221948,media_planning
CAMP_0056,search,38845.02,41.2,Search,Digital,2025-08-27 14:22:55.221962,media_planning
CAMP_0056,connected_tv,14531.58,15.4,Video,Digital,2025-08-27 14:22:55.221978,media_planning
CAMP_0057,video,10576.52,19.8,Video,Digital,2025-08-27 14:22:55.222096,media_planning
CAMP_0057,audio,7725.16,14.5,Audio,Traditional,2025-08-27 14:22:55.222112,media_planning
CAMP_0057,display,18894.48,35.4,Display,Digital,2025-08-27 14:22:55.222127,media_planning
CAMP_0057,search,13759.93,25.8,Search,Digital,2025-08-27 14:22:55.222142,media_planning
CAMP_0057,podcast,1466.83,2.8,Audio,Digital,2025-08-27 14:22:55.222157,media_planning
CAMP_0057,email,913.2,1.7,Direct,Digital,2025-08-27 14:22:55.222172,media_planning
CAMP_0058,video,17821.68,42.6,Video,Digital,2025-08-27 14:22:55.222815,media_planning
CAMP_0058,audio,732.84,1.8,Audio,Traditional,2025-08-27 14:22:55.222832,media_planning
CAMP_0058,display,4064.59,9.7,Display,Digital,2025-08-27 14:22:55.222847,media_planning
CAMP_0058,search,16518.83,39.5,Search,Digital,2025-08-27 14:22:55.222861,media_planning
CAMP_0058,email,2721.46,6.5,Direct,Digital,2025-08-27 14:22:55.222877,media_planning
CAMP_0059,video,4369.31,11.9,Video,Digital,2025-08-27 14:22:55.223025,media_planning
CAMP_0059,display,17629.13,48.2,Display,Digital,2025-08-27 14:22:55.223041,media_planning
CAMP_0059,search,14584.52,39.9,Search,Digital,2025-08-27 14:22:55.223056,media_planning
CAMP_0060,video,4330.94,9.3,Video,Digital,2025-08-27 14:22:55.223186,media_planning
CAMP_0060,audio,5300.01,11.4,Audio,Traditional,2025-08-27 14:22:55.223203,media_planning
CAMP_0060,display,21474.38,46.3,Display,Digital,2025-08-27 14:22:55.223219,media_planning
CAMP_0060,search,15281.22,32.9,Search,Digital,2025-08-27 14:22:55.223235,media_planning
CAMP_0061,video,21723.65,44.7,Video,Digital,2025-08-27 14:22:55.223421,media_planning
CAMP_0061,audio,5184.18,10.7,Audio,Traditional,2025-08-27 14:22:55.223439,media_planning
CAMP_0061,display,8312.38,17.1,Display,Digital,2025-08-27 14:22:55.223454,media_planning
CAMP_0061,search,5535.93,11.4,Search,Digital,2025-08-27 14:22:55.223469,media_planning
CAMP_0061,connected_tv,7743.57,15.9,Video,Digital,2025-08-27 14:22:55.223484,media_planning
CAMP_0061,direct_mail,104.01,0.2,Direct,Traditional,2025-08-27 14:22:55.223499,media_planning
CAMP_0062,video,3216.02,7.2,Video,Digital,2025-08-27 14:22:55.223673,media_planning
CAMP_0062,audio,1641.31,3.7,Audio,Traditional,2025-08-27 14:22:55.223738,media_planning
CAMP_0062,display,12645.56,28.4,Display,Digital,2025-08-27 14:22:55.223758,media_planning
CAMP_0062,search,26994.33,60.7,Search,Digital,2025-08-27 14:22:55.223774,media_planning
CAMP_0063,video,23921.71,37.4,Video,Digital,2025-08-27 14:22:55.223968,media_planning
CAMP_0063,audio,17751.7,27.7,Audio,Traditional,2025-08-27 14:22:55.223986,media_planning
CAMP_0063,display,11252.31,17.6,Display,Digital,2025-08-27 14:22:55.224002,media_planning
CAMP_0063,search,11080.09,17.3,Search,Digital,2025-08-27 14:22:55.224019,media_planning
CAMP_0064,video,7903.1,16.6,Video,Digital,2025-08-27 14:22:55.224158,media_planning
CAMP_0064,audio,12855.56,27.1,Audio,Traditional,2025-08-27 14:22:55.224175,media_planning
CAMP_0064,display,18606.96,39.2,Display,Digital,2025-08-27 14:22:55.224192,media_planning
CAMP_0064,search,8120.75,17.1,Search,Digital,2025-08-27 14:22:55.224207,media_planning
CAMP_0065,video,2240.05,5.0,Video,Digital,2025-08-27 14:22:55.224340,media_planning
CAMP_0065,audio,10103.29,22.5,Audio,Traditional,2025-08-27 14:22:55.224356,media_planning
CAMP_0065,social,32304.45,72.1,Social,Digital,2025-08-27 14:22:55.224372,media_planning
CAMP_0065,podcast,184.92,0.4,Audio,Digital,2025-08-27 14:22:55.224388,media_planning
CAMP_0066,video,16154.97,29.9,Video,Digital,2025-08-27 14:22:55.224535,media_planning
CAMP_0066,audio,375.4,0.7,Audio,Traditional,2025-08-27 14:22:55.224552,media_planning
CAMP_0066,display,27737.47,51.4,Display,Digital,2025-08-27 14:22:55.224569,media_planning
CAMP_0066,search,9726.51,18.0,Search,Digital,2025-08-27 14:22:55.224585,media_planning
CAMP_0067,video,4129.97,10.3,Video,Digital,2025-08-27 14:22:55.224840,media_planning
CAMP_0067,display,17203.22,43.1,Display,Digital,2025-08-27 14:22:55.224882,media_planning
CAMP_0067,search,18599.15,46.6,Search,Digital,2025-08-27 14:22:55.224898,media_planning
CAMP_0068,audio,8393.71,13.3,Audio,Traditional,2025-08-27 14:22:55.225068,media_planning
CAMP_0068,display,21755.94,34.5,Display,Digital,2025-08-27 14:22:55.225084,media_planning
CAMP_0068,search,32927.24,52.2,Search,Digital,2025-08-27 14:22:55.225098,media_planning
CAMP_0069,video,21475.92,57.1,Video,Digital,2025-08-27 14:22:55.225230,media_planning
CAMP_0069,audio,9414.65,25.0,Audio,Traditional,2025-08-27 14:22:55.225245,media_planning
CAMP_0069,display,6059.4,16.1,Display,Digital,2025-08-27 14:22:55.225260,media_planning
CAMP_0069,search,659.3,1.8,Search,Digital,2025-08-27 14:22:55.225286,media_planning
CAMP_0070,video,5780.23,8.3,Video,Digital,2025-08-27 14:22:55.225418,media_planning
CAMP_0070,audio,2549.17,3.7,Audio,Traditional,2025-08-27 14:22:55.225433,media_planning
CAMP_0070,display,22605.68,32.5,Display,Digital,2025-08-27 14:22:55.225494,media_planning
CAMP_0070,search,38605.97,55.5,Search,Digital,2025-08-27 14:22:55.225513,media_planning
CAMP_0071,video,12234.62,19.7,Video,Digital,2025-08-27 14:22:55.225645,media_planning
CAMP_0071,audio,1638.95,2.6,Audio,Traditional,2025-08-27 14:22:55.225660,media_planning
CAMP_0071,display,29158.58,47.0,Display,Digital,2025-08-27 14:22:55.225676,media_planning
CAMP_0071,search,18996.43,30.6,Search,Digital,2025-08-27 14:22:55.225691,media_planning
CAMP_0072,video,9426.56,22.5,Video,Digital,2025-08-27 14:22:55.225805,media_planning
CAMP_0072,audio,133.0,0.3,Audio,Traditional,2025-08-27 14:22:55.226048,media_planning
CAMP_0072,display,17168.92,40.9,Display,Digital,2025-08-27 14:22:55.226071,media_planning
CAMP_0072,search,15226.58,36.3,Search,Digital,2025-08-27 14:22:55.226086,media_planning
CAMP_0073,video,24249.09,68.9,Video,Digital,2025-08-27 14:22:55.226419,media_planning
CAMP_0073,audio,4649.26,13.2,Audio,Traditional,2025-08-27 14:22:55.226436,media_planning
CAMP_0073,display,2287.63,6.5,Display,Digital,2025-08-27 14:22:55.226452,media_planning
CAMP_0073,search,4007.3,11.4,Search,Digital,2025-08-27 14:22:55.226466,media_planning
CAMP_0074,video,4010.36,6.3,Video,Digital,2025-08-27 14:22:55.226647,media_planning
CAMP_0074,audio,8696.87,13.7,Audio,Traditional,2025-08-27 14:22:55.226663,media_planning
CAMP_0074,display,10009.41,15.8,Display,Digital,2025-08-27 14:22:55.226680,media_planning
CAMP_0074,search,37778.44,59.5,Search,Digital,2025-08-27 14:22:55.226696,media_planning
CAMP_0074,influencer,3046.07,4.8,Social,Traditional,2025-08-27 14:22:55.226712,media_planning
CAMP_0075,video,38431.43,49.5,Video,Digital,2025-08-27 14:22:55.226887,media_planning
CAMP_0075,audio,13532.51,17.4,Audio,Traditional,2025-08-27 14:22:55.226918,media_planning
CAMP_0075,search,25698.07,33.1,Search,Digital,2025-08-27 14:22:55.226936,media_planning
CAMP_0076,video,21255.03,27.0,Video,Digital,2025-08-27 14:22:55.227198,media_planning
CAMP_0076,audio,1012.79,1.3,Audio,Traditional,2025-08-27 14:22:55.227214,media_planning
CAMP_0076,display,45522.55,57.9,Display,Digital,2025-08-27 14:22:55.227229,media_planning
CAMP_0076,email,10879.47,13.8,Direct,Digital,2025-08-27 14:22:55.227244,media_planning
CAMP_0077,video,6459.02,8.0,Video,Digital,2025-08-27 14:22:55.227401,media_planning
CAMP_0077,audio,5925.98,7.4,Audio,Traditional,2025-08-27 14:22:55.227417,media_planning
CAMP_0077,display,13692.54,17.0,Display,Digital,2025-08-27 14:22:55.227435,media_planning
CAMP_0077,search,40480.13,50.2,Search,Digital,2025-08-27 14:22:55.227450,media_planning
CAMP_0077,social,14035.13,17.4,Social,Digital,2025-08-27 14:22:55.227465,media_planning
CAMP_0078,video,15201.34,31.1,Video,Digital,2025-08-27 14:22:55.227655,media_planning
CAMP_0078,audio,20796.03,42.6,Audio,Traditional,2025-08-27 14:22:55.227672,media_planning
CAMP_0078,display,3106.19,6.4,Display,Digital,2025-08-27 14:22:55.227687,media_planning
CAMP_0078,search,9765.47,20.0,Search,Digital,2025-08-27 14:22:55.227702,media_planning
CAMP_0079,video,3740.84,6.1,Video,Digital,2025-08-27 14:22:55.227844,media_planning
CAMP_0079,audio,12655.13,20.5,Audio,Traditional,2025-08-27 14:22:55.227860,media_planning
CAMP_0079,search,45414.22,73.5,Search,Digital,2025-08-27 14:22:55.227876,media_planning
CAMP_0080,video,25697.58,50.6,Video,Digital,2025-08-27 14:22:55.228027,media_planning
CAMP_0080,audio,20049.09,39.5,Audio,Traditional,2025-08-27 14:22:55.228043,media_planning
CAMP_0080,display,5025.38,9.9,Display,Digital,2025-08-27 14:22:55.228058,media_planning
CAMP_0081,video,7944.56,9.4,Video,Digital,2025-08-27 14:22:55.228257,media_planning
CAMP_0081,audio,1497.34,1.8,Audio,Traditional,2025-08-27 14:22:55.228274,media_planning
CAMP_0081,display,17932.78,21.2,Display,Digital,2025-08-27 14:22:55.228289,media_planning
CAMP_0081,search,57396.53,67.7,Search,Digital,2025-08-27 14:22:55.228303,media_planning
CAMP_0082,video,257.56,0.3,Video,Digital,2025-08-27 14:22:55.228444,media_planning
CAMP_0082,audio,1541.92,2.1,Audio,Traditional,2025-08-27 14:22:55.228464,media_planning
CAMP_0082,display,33304.39,45.1,Display,Digital,2025-08-27 14:22:55.228479,media_planning
CAMP_0082,search,38756.18,52.5,Search,Digital,2025-08-27 14:22:55.228495,media_planning
CAMP_0083,video,5085.47,8.4,Video,Digital,2025-08-27 14:22:55.228631,media_planning
CAMP_0083,audio,1672.23,2.8,Audio,Traditional,2025-08-27 14:22:55.228646,media_planning
CAMP_0083,display,15823.68,26.1,Display,Digital,2025-08-27 14:22:55.228661,media_planning
CAMP_0083,search,26204.5,43.3,Search,Digital,2025-08-27 14:22:55.228675,media_planning
CAMP_0083,social,11769.97,19.4,Social,Digital,2025-08-27 14:22:55.228688,media_planning
CAMP_0084,video,32647.91,67.5,Video,Digital,2025-08-27 14:22:55.228812,media_planning
CAMP_0084,audio,2243.12,4.6,Audio,Traditional,2025-08-27 14:22:55.228827,media_planning
CAMP_0084,display,6047.53,12.5,Display,Digital,2025-08-27 14:22:55.228845,media_planning
CAMP_0084,search,7453.34,15.4,Search,Digital,2025-08-27 14:22:55.228861,media_planning
CAMP_0085,video,26666.6,44.7,Video,Digital,2025-08-27 14:22:55.228979,media_planning
CAMP_0085,audio,9292.09,15.6,Audio,Traditional,2025-08-27 14:22:55.228994,media_planning
CAMP_0085,display,5120.2,8.6,Display,Digital,2025-08-27 14:22:55.229008,media_planning
CAMP_0085,search,18570.81,31.1,Search,Digital,2025-08-27 14:22:55.229043,media_planning
CAMP_0086,audio,542.18,0.9,Audio,Traditional,2025-08-27 14:22:55.233107,media_planning
CAMP_0086,display,32269.14,53.5,Display,Digital,2025-08-27 14:22:55.233125,media_planning
CAMP_0086,search,26389.27,43.8,Search,Digital,2025-08-27 14:22:55.233142,media_planning
CAMP_0086,influencer,1095.25,1.8,Social,Traditional,2025-08-27 14:22:55.233158,media_planning
CAMP_0087,video,13982.85,17.8,Video,Digital,2025-08-27 14:22:55.233356,media_planning
CAMP_0087,audio,1047.07,1.3,Audio,Traditional,2025-08-27 14:22:55.233373,media_planning
CAMP_0087,display,11620.24,14.8,Display,Digital,2025-08-27 14:22:55.233391,media_planning
CAMP_0087,search,33992.7,43.2,Search,Digital,2025-08-27 14:22:55.233407,media_planning
CAMP_0087,social,18054.22,22.9,Social,Digital,2025-08-27 14:22:55.233424,media_planning
CAMP_0088,video,29928.31,37.3,Video,Digital,2025-08-27 14:22:55.233561,media_planning
CAMP_0088,audio,13664.92,17.0,Audio,Traditional,2025-08-27 14:22:55.233579,media_planning
CAMP_0088,display,33372.57,41.6,Display,Digital,2025-08-27 14:22:55.233596,media_planning
CAMP_0088,search,3274.52,4.1,Search,Digital,2025-08-27 14:22:55.233613,media_planning
CAMP_0089,audio,11306.43,12.2,Audio,Traditional,2025-08-27 14:22:55.234001,media_planning
CAMP_0089,search,34458.45,37.3,Search,Digital,2025-08-27 14:22:55.234020,media_planning
CAMP_0089,direct_mail,46708.53,50.5,Direct,Traditional,2025-08-27 14:22:55.234038,media_planning
CAMP_0090,audio,13580.97,18.8,Audio,Traditional,2025-08-27 14:22:55.234198,media_planning
CAMP_0090,display,34173.97,47.4,Display,Digital,2025-08-27 14:22:55.234215,media_planning
CAMP_0090,search,24383.59,33.8,Search,Digital,2025-08-27 14:22:55.234231,media_planning
CAMP_0091,video,39070.99,71.2,Video,Digital,2025-08-27 14:22:55.234360,media_planning
CAMP_0091,audio,2950.01,5.4,Audio,Traditional,2025-08-27 14:22:55.234377,media_planning
CAMP_0091,display,1702.47,3.1,Display,Digital,2025-08-27 14:22:55.234394,media_planning
CAMP_0091,search,4036.8,7.4,Search,Digital,2025-08-27 14:22:55.234410,media_planning
CAMP_0091,connected_tv,7099.84,12.9,Video,Digital,2025-08-27 14:22:55.234426,media_planning
CAMP_0092,video,10533.94,17.6,Video,Digital,2025-08-27 14:22:55.234575,media_planning
CAMP_0092,audio,11845.24,19.8,Audio,Traditional,2025-08-27 14:22:55.234613,media_planning
CAMP_0092,display,8801.27,14.7,Display,Digital,2025-08-27 14:22:55.234629,media_planning
CAMP_0092,search,22029.61,36.7,Search,Digital,2025-08-27 14:22:55.234647,media_planning
CAMP_0092,connected_tv,6753.51,11.3,Video,Digital,2025-08-27 14:22:55.234666,media_planning
CAMP_0093,video,16293.47,26.4,Video,Digital,2025-08-27 14:22:55.234833,media_planning
CAMP_0093,audio,3503.25,5.7,Audio,Traditional,2025-08-27 14:22:55.234848,media_planning
CAMP_0093,display,35011.81,56.8,Display,Digital,2025-08-27 14:22:55.234864,media_planning
CAMP_0093,search,6818.95,11.1,Search,Digital,2025-08-27 14:22:55.234878,media_planning
CAMP_0094,video,6072.27,11.1,Video,Digital,2025-08-27 14:22:55.235370,media_planning
CAMP_0094,audio,29.93,0.1,Audio,Traditional,2025-08-27 14:22:55.235387,media_planning
CAMP_0094,display,22204.13,40.6,Display,Digital,2025-08-27 14:22:55.235402,media_planning
CAMP_0094,search,12256.08,22.4,Search,Digital,2025-08-27 14:22:55.235417,media_planning
CAMP_0094,social,7660.96,14.0,Social,Digital,2025-08-27 14:22:55.235432,media_planning
CAMP_0094,email,6421.33,11.8,Direct,Digital,2025-08-27 14:22:55.235447,media_planning
CAMP_0095,video,889.08,1.4,Video,Digital,2025-08-27 14:22:55.235599,media_planning
CAMP_0095,audio,308.89,0.5,Audio,Traditional,2025-08-27 14:22:55.235614,media_planning
CAMP_0095,display,25636.11,41.4,Display,Digital,2025-08-27 14:22:55.235629,media_planning
CAMP_0095,search,19877.73,32.1,Search,Digital,2025-08-27 14:22:55.235649,media_planning
CAMP_0095,connected_tv,15272.03,24.6,Video,Digital,2025-08-27 14:22:55.235667,media_planning
CAMP_0096,video,36500.11,69.8,Video,Digital,2025-08-27 14:22:55.236036,media_planning
CAMP_0096,display,8751.83,16.7,Display,Digital,2025-08-27 14:22:55.236053,media_planning
CAMP_0096,search,7030.91,13.4,Search,Digital,2025-08-27 14:22:55.236069,media_planning
CAMP_0097,audio,29153.71,30.4,Audio,Traditional,2025-08-27 14:22:55.236229,media_planning
CAMP_0097,display,29936.2,31.2,Display,Digital,2025-08-27 14:22:55.236244,media_planning
CAMP_0097,search,36842.26,38.4,Search,Digital,2025-08-27 14:22:55.236259,media_planning
CAMP_0098,video,12309.05,13.7,Video,Digital,2025-08-27 14:22:55.236399,media_planning
CAMP_0098,audio,2760.89,3.1,Audio,Traditional,2025-08-27 14:22:55.236414,media_planning
CAMP_0098,display,20089.39,22.3,Display,Digital,2025-08-27 14:22:55.236429,media_planning
CAMP_0098,search,54298.4,60.4,Search,Digital,2025-08-27 14:22:55.236444,media_planning
CAMP_0098,influencer,477.34,0.5,Social,Traditional,2025-08-27 14:22:55.236458,media_planning
CAMP_0099,video,15477.73,24.0,Video,Digital,2025-08-27 14:22:55.236596,media_planning
CAMP_0099,audio,11828.29,18.3,Audio,Traditional,2025-08-27 14:22:55.236612,media_planning
CAMP_0099,display,5951.12,9.2,Display,Digital,2025-08-27 14:22:55.236626,media_planning
CAMP_0099,search,12661.41,19.6,Search,Digital,2025-08-27 14:22:55.236640,media_planning
CAMP_0099,social,14890.84,23.1,Social,Digital,2025-08-27 14:22:55.236655,media_planning
CAMP_0099,podcast,3792.0,5.9,Audio,Digital,2025-08-27 14:22:55.236671,media_planning
CAMP_0100,video,23244.98,33.3,Video,Digital,2025-08-27 14:22:55.236819,media_planning
CAMP_0100,audio,3562.54,5.1,Audio,Traditional,2025-08-27 14:22:55.236835,media_planning
CAMP_0100,display,42950.69,61.5,Display,Digital,2025-08-27 14:22:55.236994,media_planning
CAMP_0100,search,38.95,0.1,Search,Digital,2025-08-27 14:22:55.237013,media_planning
CAMP_0101,video,23690.98,36.5,Video,Digital,2025-08-27 14:22:55.237219,media_planning
CAMP_0101,audio,6616.65,10.2,Audio,Traditional,2025-08-27 14:22:55.237236,media_planning
CAMP_0101,display,23951.98,36.9,Display,Digital,2025-08-27 14:22:55.237251,media_planning
CAMP_0101,search,10720.43,16.5,Search,Digital,2025-08-27 14:22:55.237267,media_planning
CAMP_0102,video,10276.28,10.0,Video,Digital,2025-08-27 14:22:55.237435,media_planning
CAMP_0102,audio,6177.02,6.0,Audio,Traditional,2025-08-27 14:22:55.237452,media_planning
CAMP_0102,display,11658.53,11.3,Display,Digital,2025-08-27 14:22:55.237467,media_planning
CAMP_0102,search,74982.03,72.7,Search,Digital,2025-08-27 14:22:55.237483,media_planning
CAMP_0103,video,11474.4,13.9,Video,Digital,2025-08-27 14:22:55.237623,media_planning
CAMP_0103,audio,24269.79,29.3,Audio,Traditional,2025-08-27 14:22:55.237639,media_planning
CAMP_0103,display,6023.41,7.3,Display,Digital,2025-08-27 14:22:55.237673,media_planning
CAMP_0103,search,41036.83,49.6,Search,Digital,2025-08-27 14:22:55.237687,media_planning
CAMP_0104,video,13698.5,14.4,Video,Digital,2025-08-27 14:22:55.237838,media_planning
CAMP_0104,audio,20502.78,21.6,Audio,Traditional,2025-08-27 14:22:55.237853,media_planning
CAMP_0104,display,42033.71,44.2,Display,Digital,2025-08-27 14:22:55.237883,media_planning
CAMP_0104,search,18804.96,19.8,Search,Digital,2025-08-27 14:22:55.237898,media_planning
CAMP_0105,video,12937.52,13.8,Video,Digital,2025-08-27 14:22:55.238201,media_planning
CAMP_0105,display,4631.53,5.0,Display,Digital,2025-08-27 14:22:55.238217,media_planning
CAMP_0105,search,75901.71,81.2,Search,Digital,2025-08-27 14:22:55.238232,media_planning
CAMP_0106,video,29776.59,48.6,Video,Digital,2025-08-27 14:22:55.238379,media_planning
CAMP_0106,audio,8285.16,13.5,Audio,Traditional,2025-08-27 14:22:55.238395,media_planning
CAMP_0106,search,23153.58,37.8,Search,Digital,2025-08-27 14:22:55.238410,media_planning
CAMP_0107,video,23521.16,34.0,Video,Digital,2025-08-27 14:22:55.238532,media_planning
CAMP_0107,audio,17155.8,24.8,Audio,Traditional,2025-08-27 14:22:55.238547,media_planning
CAMP_0107,display,9557.0,13.8,Display,Digital,2025-08-27 14:22:55.238832,media_planning
CAMP_0107,search,18874.8,27.3,Search,Digital,2025-08-27 14:22:55.238850,media_planning
CAMP_0108,video,8962.86,10.4,Video,Digital,2025-08-27 14:22:55.239034,media_planning
CAMP_0108,display,51221.34,59.5,Display,Digital,2025-08-27 14:22:55.239049,media_planning
CAMP_0108,search,23444.9,27.3,Search,Digital,2025-08-27 14:22:55.239064,media_planning
CAMP_0108,email,2392.9,2.8,Direct,Digital,2025-08-27 14:22:55.239079,media_planning
CAMP_0109,video,17487.78,29.0,Video,Digital,2025-08-27 14:22:55.239262,media_planning
CAMP_0109,audio,27725.7,46.0,Audio,Traditional,2025-08-27 14:22:55.239278,media_planning
CAMP_0109,display,9742.89,16.2,Display,Digital,2025-08-27 14:22:55.239293,media_planning
CAMP_0109,search,1001.25,1.7,Search,Digital,2025-08-27 14:22:55.239310,media_planning
CAMP_0109,direct_mail,4253.49,7.1,Direct,Traditional,2025-08-27 14:22:55.239325,media_planning
CAMP_0110,video,14795.73,39.3,Video,Digital,2025-08-27 14:22:55.239490,media_planning
CAMP_0110,audio,668.47,1.8,Audio,Traditional,2025-08-27 14:22:55.239507,media_planning
CAMP_0110,search,22230.1,59.0,Search,Digital,2025-08-27 14:22:55.239522,media_planning
CAMP_0111,video,18948.95,42.0,Video,Digital,2025-08-27 14:22:55.239661,media_planning
CAMP_0111,audio,3829.41,8.5,Audio,Traditional,2025-08-27 14:22:55.239678,media_planning
CAMP_0111,search,14359.8,31.8,Search,Digital,2025-08-27 14:22:55.239694,media_planning
CAMP_0111,connected_tv,8003.14,17.7,Video,Digital,2025-08-27 14:22:55.239710,media_planning
CAMP_0112,video,20780.11,51.1,Video,Digital,2025-08-27 14:22:55.239860,media_planning
CAMP_0112,display,6203.1,15.3,Display,Digital,2025-08-27 14:22:55.239876,media_planning
CAMP_0112,search,4267.22,10.5,Search,Digital,2025-08-27 14:22:55.239892,media_planning
CAMP_0112,social,6891.85,17.0,Social,Digital,2025-08-27 14:22:55.239907,media_planning
CAMP_0112,email,2500.46,6.2,Direct,Digital,2025-08-27 14:22:55.239923,media_planning
CAMP_0113,video,21044.08,31.2,Video,Digital,2025-08-27 14:22:55.240208,media_planning
CAMP_0113,audio,640.93,0.9,Audio,Traditional,2025-08-27 14:22:55.240226,media_planning
CAMP_0113,display,17151.47,25.4,Display,Digital,2025-08-27 14:22:55.240285,media_planning
CAMP_0113,search,28702.94,42.5,Search,Digital,2025-08-27 14:22:55.240303,media_planning
CAMP_0114,video,556.16,0.9,Video,Digital,2025-08-27 14:22:55.240476,media_planning
CAMP_0114,audio,326.98,0.5,Audio,Traditional,2025-08-27 14:22:55.240493,media_planning
CAMP_0114,display,18850.71,29.8,Display,Digital,2025-08-27 14:22:55.240509,media_planning
CAMP_0114,search,43550.37,68.8,Search,Digital,2025-08-27 14:22:55.240525,media_planning
CAMP_0115,video,16382.78,28.7,Video,Digital,2025-08-27 14:22:55.240662,media_planning
CAMP_0115,audio,9814.25,17.2,Audio,Traditional,2025-08-27 14:22:55.240678,media_planning
CAMP_0115,display,12438.0,21.8,Display,Digital,2025-08-27 14:22:55.240695,media_planning
CAMP_0115,search,15692.43,27.4,Search,Digital,2025-08-27 14:22:55.240711,media_planning
CAMP_0115,connected_tv,2841.67,5.0,Video,Digital,2025-08-27 14:22:55.240727,media_planning
CAMP_0116,video,15960.3,24.4,Video,Digital,2025-08-27 14:22:55.240884,media_planning
CAMP_0116,audio,17458.24,26.7,Audio,Traditional,2025-08-27 14:22:55.240900,media_planning
CAMP_0116,display,15234.29,23.3,Display,Digital,2025-08-27 14:22:55.240916,media_planning
CAMP_0116,search,16249.65,24.8,Search,Digital,2025-08-27 14:22:55.240932,media_planning
CAMP_0116,influencer,598.64,0.9,Social,Traditional,2025-08-27 14:22:55.240947,media_planning
CAMP_0117,video,9482.25,15.0,Video,Digital,2025-08-27 14:22:55.241080,media_planning
CAMP_0117,audio,3886.53,6.2,Audio,Traditional,2025-08-27 14:22:55.241113,media_planning
CAMP_0117,display,15500.42,24.6,Display,Digital,2025-08-27 14:22:55.241129,media_planning
CAMP_0117,search,27368.89,43.4,Search,Digital,2025-08-27 14:22:55.241145,media_planning
CAMP_0117,social,6886.32,10.9,Social,Digital,2025-08-27 14:22:55.241161,media_planning
CAMP_0117,connected_tv,4.1,0.0,Video,Digital,2025-08-27 14:22:55.241175,media_planning
CAMP_0118,audio,14452.18,34.8,Audio,Traditional,2025-08-27 14:22:55.241402,media_planning
CAMP_0118,display,22074.04,53.2,Display,Digital,2025-08-27 14:22:55.241429,media_planning
CAMP_0118,search,5003.74,12.0,Search,Digital,2025-08-27 14:22:55.241444,media_planning
CAMP_0119,video,32008.0,48.3,Video,Digital,2025-08-27 14:22:55.241605,media_planning
CAMP_0119,audio,9665.77,14.6,Audio,Traditional,2025-08-27 14:22:55.241622,media_planning
CAMP_0119,display,3335.37,5.0,Display,Digital,2025-08-27 14:22:55.241637,media_planning
CAMP_0119,search,21230.42,32.1,Search,Digital,2025-08-27 14:22:55.241654,media_planning
CAMP_0120,video,6636.26,12.3,Video,Digital,2025-08-27 14:22:55.241819,media_planning
CAMP_0120,audio,5119.8,9.5,Audio,Traditional,2025-08-27 14:22:55.241835,media_planning
CAMP_0120,display,3615.7,6.7,Display,Digital,2025-08-27 14:22:55.241851,media_planning
CAMP_0120,search,23099.7,42.9,Search,Digital,2025-08-27 14:22:55.241866,media_planning
CAMP_0120,social,15292.59,28.4,Social,Digital,2025-08-27 14:22:55.241881,media_planning
CAMP_0120,email,112.93,0.2,Direct,Digital,2025-08-27 14:22:55.241896,media_planning
CAMP_0121,video,40634.17,64.2,Video,Digital,2025-08-27 14:22:55.242626,media_planning
CAMP_0121,audio,1739.98,2.8,Audio,Traditional,2025-08-27 14:22:55.242670,media_planning
CAMP_0121,display,9526.99,15.1,Display,Digital,2025-08-27 14:22:55.242691,media_planning
CAMP_0121,search,6636.66,10.5,Search,Digital,2025-08-27 14:22:55.242713,media_planning
CAMP_0121,influencer,4722.62,7.5,Social,Traditional,2025-08-27 14:22:55.242735,media_planning
CAMP_0122,audio,31111.53,46.9,Audio,Traditional,2025-08-27 14:22:55.242986,media_planning
CAMP_0122,display,29959.08,45.1,Display,Digital,2025-08-27 14:22:55.243009,media_planning
CAMP_0122,search,2318.7,3.5,Search,Digital,2025-08-27 14:22:55.243030,media_planning
CAMP_0122,influencer,2973.89,4.5,Social,Traditional,2025-08-27 14:22:55.243052,media_planning
CAMP_0123,video,11963.99,25.9,Video,Digital,2025-08-27 14:22:55.243224,media_planning
CAMP_0123,audio,18805.91,40.8,Audio,Traditional,2025-08-27 14:22:55.243241,media_planning
CAMP_0123,display,8777.08,19.0,Display,Digital,2025-08-27 14:22:55.243257,media_planning
CAMP_0123,email,6583.14,14.3,Direct,Digital,2025-08-27 14:22:55.243273,media_planning
CAMP_0124,video,13546.99,34.9,Video,Digital,2025-08-27 14:22:55.243416,media_planning
CAMP_0124,audio,7264.15,18.7,Audio,Traditional,2025-08-27 14:22:55.243434,media_planning
CAMP_0124,display,6423.29,16.5,Display,Digital,2025-08-27 14:22:55.243450,media_planning
CAMP_0124,search,7871.97,20.3,Search,Digital,2025-08-27 14:22:55.243467,media_planning
CAMP_0124,influencer,3745.42,9.6,Social,Traditional,2025-08-27 14:22:55.243483,media_planning
CAMP_0125,video,33749.49,78.5,Video,Digital,2025-08-27 14:22:55.244393,media_planning
CAMP_0125,audio,4087.71,9.5,Audio,Traditional,2025-08-27 14:22:55.244418,media_planning
CAMP_0125,display,5140.52,12.0,Display,Digital,2025-08-27 14:22:55.244436,media_planning
CAMP_0126,video,14955.68,29.9,Video,Digital,2025-08-27 14:22:55.244807,media_planning
CAMP_0126,audio,14980.57,30.0,Audio,Traditional,2025-08-27 14:22:55.244828,media_planning
CAMP_0126,display,8119.32,16.3,Display,Digital,2025-08-27 14:22:55.244845,media_planning
CAMP_0126,search,9942.09,19.9,Search,Digital,2025-08-27 14:22:55.244862,media_planning
CAMP_0126,influencer,1951.11,3.9,Social,Traditional,2025-08-27 14:22:55.244879,media_planning
CAMP_0127,video,13877.35,16.8,Video,Digital,2025-08-27 14:22:55.245060,media_planning
CAMP_0127,audio,10311.33,12.5,Audio,Traditional,2025-08-27 14:22:55.245077,media_planning
CAMP_0127,display,14307.37,17.3,Display,Digital,2025-08-27 14:22:55.245094,media_planning
CAMP_0127,search,22974.43,27.8,Search,Digital,2025-08-27 14:22:55.245110,media_planning
CAMP_0127,social,19193.44,23.2,Social,Digital,2025-08-27 14:22:55.245127,media_planning
CAMP_0127,connected_tv,2055.76,2.5,Video,Digital,2025-08-27 14:22:55.245163,media_planning
CAMP_0128,video,788.52,0.9,Video,Digital,2025-08-27 14:22:55.245402,media_planning
CAMP_0128,audio,974.91,1.2,Audio,Traditional,2025-08-27 14:22:55.245420,media_planning
CAMP_0128,display,46828.36,55.3,Display,Digital,2025-08-27 14:22:55.245436,media_planning
CAMP_0128,search,36071.45,42.6,Search,Digital,2025-08-27 14:22:55.245451,media_planning
CAMP_0129,video,16859.31,36.8,Video,Digital,2025-08-27 14:22:55.245610,media_planning
CAMP_0129,audio,10867.32,23.7,Audio,Traditional,2025-08-27 14:22:55.245627,media_planning
CAMP_0129,display,7095.89,15.5,Display,Digital,2025-08-27 14:22:55.245644,media_planning
CAMP_0129,search,7322.23,16.0,Search,Digital,2025-08-27 14:22:55.245660,media_planning
CAMP_0129,connected_tv,3671.57,8.0,Video,Digital,2025-08-27 14:22:55.245676,media_planning
CAMP_0130,video,35421.85,51.5,Video,Digital,2025-08-27 14:22:55.246082,media_planning
CAMP_0130,display,13779.41,20.0,Display,Digital,2025-08-27 14:22:55.246117,media_planning
CAMP_0130,search,19537.74,28.4,Search,Digital,2025-08-27 14:22:55.246133,media_planning
CAMP_0131,video,15432.81,23.9,Video,Digital,2025-08-27 14:22:55.246297,media_planning
CAMP_0131,audio,17511.65,27.2,Audio,Traditional,2025-08-27 14:22:55.246314,media_planning
CAMP_0131,display,25340.02,39.3,Display,Digital,2025-08-27 14:22:55.246330,media_planning
CAMP_0131,search,6207.73,9.6,Search,Digital,2025-08-27 14:22:55.246346,media_planning
CAMP_0132,video,8630.25,15.5,Video,Digital,2025-08-27 14:22:55.246607,media_planning
CAMP_0132,audio,10081.52,18.1,Audio,Traditional,2025-08-27 14:22:55.246629,media_planning
CAMP_0132,display,14233.29,25.6,Display,Digital,2025-08-27 14:22:55.246646,media_planning
CAMP_0132,search,16838.59,30.3,Search,Digital,2025-08-27 14:22:55.246662,media_planning
CAMP_0132,influencer,5822.26,10.5,Social,Traditional,2025-08-27 14:22:55.246678,media_planning
CAMP_0133,video,26206.86,51.4,Video,Digital,2025-08-27 14:22:55.247035,media_planning
CAMP_0133,audio,1238.55,2.4,Audio,Traditional,2025-08-27 14:22:55.247054,media_planning
CAMP_0133,display,7863.68,15.4,Display,Digital,2025-08-27 14:22:55.247071,media_planning
CAMP_0133,search,8809.16,17.3,Search,Digital,2025-08-27 14:22:55.247088,media_planning
CAMP_0133,podcast,6835.62,13.4,Audio,Digital,2025-08-27 14:22:55.247105,media_planning
CAMP_0134,video,31930.12,52.5,Video,Digital,2025-08-27 14:22:55.247279,media_planning
CAMP_0134,audio,2200.05,3.6,Audio,Traditional,2025-08-27 14:22:55.247297,media_planning
CAMP_0134,display,14475.45,23.8,Display,Digital,2025-08-27 14:22:55.247313,media_planning
CAMP_0134,search,12255.87,20.1,Search,Digital,2025-08-27 14:22:55.247329,media_planning
CAMP_0135,video,30043.76,34.0,Video,Digital,2025-08-27 14:22:55.247833,media_planning
CAMP_0135,audio,16227.7,18.4,Audio,Traditional,2025-08-27 14:22:55.247852,media_planning
CAMP_0135,display,27380.76,31.0,Display,Digital,2025-08-27 14:22:55.247870,media_planning
CAMP_0135,search,12169.53,13.8,Search,Digital,2025-08-27 14:22:55.247887,media_planning
CAMP_0135,podcast,2580.64,2.9,Audio,Digital,2025-08-27 14:22:55.247920,media_planning
CAMP_0136,video,17943.22,29.8,Video,Digital,2025-08-27 14:22:55.248112,media_planning
CAMP_0136,audio,1241.68,2.1,Audio,Traditional,2025-08-27 14:22:55.248130,media_planning
CAMP_0136,display,9286.91,15.4,Display,Digital,2025-08-27 14:22:55.248147,media_planning
CAMP_0136,search,22451.07,37.3,Search,Digital,2025-08-27 14:22:55.248165,media_planning
CAMP_0136,social,8587.11,14.3,Social,Digital,2025-08-27 14:22:55.248183,media_planning
CAMP_0136,influencer,695.75,1.2,Social,Traditional,2025-08-27 14:22:55.248200,media_planning
CAMP_0137,video,16506.17,23.9,Video,Digital,2025-08-27 14:22:55.248344,media_planning
CAMP_0137,audio,31678.46,45.8,Audio,Traditional,2025-08-27 14:22:55.248362,media_planning
CAMP_0137,search,20920.35,30.3,Search,Digital,2025-08-27 14:22:55.248380,media_planning
CAMP_0138,video,14019.22,18.1,Video,Digital,2025-08-27 14:22:55.248513,media_planning
CAMP_0138,audio,16054.25,20.7,Audio,Traditional,2025-08-27 14:22:55.248530,media_planning
CAMP_0138,display,34983.55,45.1,Display,Digital,2025-08-27 14:22:55.248548,media_planning
CAMP_0138,search,2711.51,3.5,Search,Digital,2025-08-27 14:22:55.248565,media_planning
CAMP_0138,connected_tv,9718.83,12.5,Video,Digital,2025-08-27 14:22:55.248582,media_planning
CAMP_0139,video,5385.28,8.7,Video,Digital,2025-08-27 14:22:55.248718,media_planning
CAMP_0139,audio,25440.2,41.0,Audio,Traditional,2025-08-27 14:22:55.248756,media_planning
CAMP_0139,display,10947.72,17.6,Display,Digital,2025-08-27 14:22:55.248775,media_planning
CAMP_0139,search,20271.94,32.7,Search,Digital,2025-08-27 14:22:55.248791,media_planning
CAMP_0140,video,7896.55,8.2,Video,Digital,2025-08-27 14:22:55.249076,media_planning
CAMP_0140,audio,25.44,0.0,Audio,Traditional,2025-08-27 14:22:55.249095,media_planning
CAMP_0140,display,21957.65,22.7,Display,Digital,2025-08-27 14:22:55.249112,media_planning
CAMP_0140,search,39125.21,40.5,Search,Digital,2025-08-27 14:22:55.249130,media_planning
CAMP_0140,social,27610.14,28.6,Social,Digital,2025-08-27 14:22:55.249148,media_planning
CAMP_0140,influencer,2.33,0.0,Social,Traditional,2025-08-27 14:22:55.249165,media_planning
CAMP_0141,video,20309.47,21.1,Video,Digital,2025-08-27 14:22:55.249319,media_planning
CAMP_0141,audio,7830.61,8.1,Audio,Traditional,2025-08-27 14:22:55.249337,media_planning
CAMP_0141,display,28261.65,29.4,Display,Digital,2025-08-27 14:22:55.249354,media_planning
CAMP_0141,search,39662.82,41.2,Search,Digital,2025-08-27 14:22:55.249371,media_planning
CAMP_0141,direct_mail,95.36,0.1,Direct,Traditional,2025-08-27 14:22:55.249388,media_planning
CAMP_0142,video,10014.73,16.3,Video,Digital,2025-08-27 14:22:55.249521,media_planning
CAMP_0142,audio,333.82,0.5,Audio,Traditional,2025-08-27 14:22:55.249538,media_planning
CAMP_0142,display,25777.71,42.0,Display,Digital,2025-08-27 14:22:55.249556,media_planning
CAMP_0142,search,25211.07,41.1,Search,Digital,2025-08-27 14:22:55.249573,media_planning
CAMP_0143,video,8429.69,11.5,Video,Digital,2025-08-27 14:22:55.249700,media_planning
CAMP_0143,audio,4446.47,6.1,Audio,Traditional,2025-08-27 14:22:55.249718,media_planning
CAMP_0143,display,21444.56,29.2,Display,Digital,2025-08-27 14:22:55.249735,media_planning
CAMP_0143,search,39044.47,53.2,Search,Digital,2025-08-27 14:22:55.249773,media_planning
CAMP_0144,video,6669.22,14.6,Video,Digital,2025-08-27 14:22:55.250015,media_planning
CAMP_0144,audio,717.92,1.6,Audio,Traditional,2025-08-27 14:22:55.250035,media_planning
CAMP_0144,display,37983.19,83.4,Display,Digital,2025-08-27 14:22:55.250052,media_planning
CAMP_0144,email,160.41,0.4,Direct,Digital,2025-08-27 14:22:55.250069,media_planning
CAMP_0145,audio,7050.67,15.7,Audio,Traditional,2025-08-27 14:22:55.250234,media_planning
CAMP_0145,display,36334.44,80.8,Display,Digital,2025-08-27 14:22:55.250252,media_planning
CAMP_0145,search,1584.3,3.5,Search,Digital,2025-08-27 14:22:55.250269,media_planning
CAMP_0146,video,25385.83,70.0,Video,Digital,2025-08-27 14:22:55.250415,media_planning
CAMP_0146,display,2297.21,6.3,Display,Digital,2025-08-27 14:22:55.250434,media_planning
CAMP_0146,search,8608.0,23.7,Search,Digital,2025-08-27 14:22:55.250452,media_planning
CAMP_0147,video,5521.37,9.8,Video,Digital,2025-08-27 14:22:55.250616,media_planning
CAMP_0147,audio,13483.56,23.9,Audio,Traditional,2025-08-27 14:22:55.250634,media_planning
CAMP_0147,display,10694.23,19.0,Display,Digital,2025-08-27 14:22:55.250651,media_planning
CAMP_0147,search,17863.17,31.7,Search,Digital,2025-08-27 14:22:55.250667,media_planning
CAMP_0147,connected_tv,4535.83,8.1,Video,Digital,2025-08-27 14:22:55.250684,media_planning
CAMP_0147,podcast,4236.59,7.5,Audio,Digital,2025-08-27 14:22:55.250701,media_planning
CAMP_0148,video,19482.22,37.0,Video,Digital,2025-08-27 14:22:55.250911,media_planning
CAMP_0148,audio,16167.18,30.7,Audio,Traditional,2025-08-27 14:22:55.250929,media_planning
CAMP_0148,social,16944.36,32.2,Social,Digital,2025-08-27 14:22:55.251081,media_planning
CAMP_0149,video,1174.86,1.8,Video,Digital,2025-08-27 14:22:55.251246,media_planning
CAMP_0149,audio,1571.62,2.4,Audio,Traditional,2025-08-27 14:22:55.251264,media_planning
CAMP_0149,display,6428.1,9.7,Display,Digital,2025-08-27 14:22:55.251281,media_planning
CAMP_0149,social,49321.43,74.5,Social,Digital,2025-08-27 14:22:55.251298,media_planning
CAMP_0149,influencer,5589.54,8.4,Social,Traditional,2025-08-27 14:22:55.251314,media_planning
CAMP_0149,email,2157.61,3.3,Direct,Digital,2025-08-27 14:22:55.251331,media_planning
CAMP_0150,audio,17246.51,21.4,Audio,Traditional,2025-08-27 14:22:55.251491,media_planning
CAMP_0150,display,23904.77,29.7,Display,Digital,2025-08-27 14:22:55.251508,media_planning
CAMP_0150,search,39403.46,48.9,Search,Digital,2025-08-27 14:22:55.251525,media_planning
CAMP_0151,video,2195.03,1.8,Video,Digital,2025-08-27 14:22:55.251809,media_planning
CAMP_0151,audio,339.0,0.3,Audio,Traditional,2025-08-27 14:22:55.251829,media_planning
CAMP_0151,display,66061.85,55.0,Display,Digital,2025-08-27 14:22:55.251847,media_planning
CAMP_0151,search,51624.88,42.9,Search,Digital,2025-08-27 14:22:55.251863,media_planning
CAMP_0152,video,7618.29,9.8,Video,Digital,2025-08-27 14:22:55.252064,media_planning
CAMP_0152,audio,2403.04,3.1,Audio,Traditional,2025-08-27 14:22:55.252083,media_planning
CAMP_0152,display,32464.99,41.6,Display,Digital,2025-08-27 14:22:55.252145,media_planning
CAMP_0152,search,13228.23,16.9,Search,Digital,2025-08-27 14:22:55.252168,media_planning
CAMP_0152,social,22377.85,28.7,Social,Digital,2025-08-27 14:22:55.252189,media_planning
CAMP_0153,audio,20409.84,28.3,Audio,Traditional,2025-08-27 14:22:55.252341,media_planning
CAMP_0153,display,30253.01,41.9,Display,Digital,2025-08-27 14:22:55.252361,media_planning
CAMP_0153,search,18772.37,26.0,Search,Digital,2025-08-27 14:22:55.252379,media_planning
CAMP_0153,connected_tv,2693.16,3.7,Video,Digital,2025-08-27 14:22:55.252396,media_planning
CAMP_0154,video,53005.36,56.5,Video,Digital,2025-08-27 14:22:55.252538,media_planning
CAMP_0154,audio,30396.41,32.4,Audio,Traditional,2025-08-27 14:22:55.252558,media_planning
CAMP_0154,display,6509.43,6.9,Display,Digital,2025-08-27 14:22:55.252576,media_planning
CAMP_0154,search,3924.32,4.2,Search,Digital,2025-08-27 14:22:55.252593,media_planning
CAMP_0155,audio,40817.61,32.6,Audio,Traditional,2025-08-27 14:22:55.252755,media_planning
CAMP_0155,display,38824.88,31.0,Display,Digital,2025-08-27 14:22:55.252772,media_planning
CAMP_0155,search,45453.49,36.3,Search,Digital,2025-08-27 14:22:55.252799,media_planning
CAMP_0156,video,19899.89,25.4,Video,Digital,2025-08-27 14:22:55.252941,media_planning
CAMP_0156,display,32421.96,41.4,Display,Digital,2025-08-27 14:22:55.252959,media_planning
CAMP_0156,search,8505.32,10.9,Search,Digital,2025-08-27 14:22:55.252976,media_planning
CAMP_0156,email,17422.31,22.3,Direct,Digital,2025-08-27 14:22:55.252992,media_planning
